{
    "lastUpdatedTime": "2024-08-28T12:00:10Z",
    "signals": [
        {
            "currency_pair": "USD/ZAR",
            "action": "Sell",
            "entry_price": "1.2500",
            "stop_loss": "1.2550",
            "take_profit": "1.2400",
            "status": "Pending"
        },
        {
            "currency_pair": "USD/ZAR",
            "action": "Sell",
            "entry_price": "1.2500",
            "stop_loss": "1.2550",
            "take_profit": "1.2400",
            "status": "Open"
        },
        {
            "currency_pair": "USD/ZAR",
            "action": "Buy",
            "entry_price": "1.2500",
            "stop_loss": "1.2550",
            "take_profit": "1.2400",
            "status": "Closed"
        }
    ]
}