{
    "lastUpdatedTime": "2025-01-26T13:05:54Z",
    "signals": [
        {
            "currency_pair": "GBP/USD",
            "lastUpdatedTime": "2024-08-28T12:00:10Z",
            "action": "Sell",
            "entry_price": "pending",
            "stop_loss": "pending",
            "take_profit": "pending",
            "status": "pending"
        },
        {
            "currency_pair": "USD/JPY",
            "lastUpdatedTime": "2025-01-26T13:24:08Z",
            "action": "Sell",
            "entry_price": "pending",
            "stop_loss": "pending",
            "take_profit": "pending",
            "status": "pending"
        },
        {
            "currency_pair": "GBP/USD",
            "lastUpdatedTime": "2025-01-26T13:39:50Z",
            "action": "Sell",
            "entry_price": "pending",
            "stop_loss": "pending",
            "take_profit": "pending",
            "status": "pending"
        },
        {
            "currency_pair": "GBP/USD",
            "action": "Sell",
            "entry_price": "pending",
            "stop_loss": "pending",
            "take_profit": "pending",
            "status": "pending",
            "lastUpdatedTime": "2025-01-26T13:44:48Z"
        }
    ]
}