{
    "conversion_rates": {
        "EUR/USD": {
            "rate": 1.0296540362438222,
            "indicator": "\u2193"
        },
        "USD/JPY": {
            "rate": 156.4805,
            "indicator": "\u2191"
        },
        "GBP/USD": {
            "rate": 1.2232415902140672,
            "indicator": "\u2193"
        },
        "USD/CHF": {
            "rate": 0.9122,
            "indicator": "\u2191"
        },
        "AUD/USD": {
            "rate": 0.6220839813374806,
            "indicator": "\u2193"
        },
        "USD/CAD": {
            "rate": 1.4336,
            "indicator": "\u2191"
        },
        "NZD/USD": {
            "rate": 0.5618608832453085,
            "indicator": "\u2193"
        },
        "USD/ZAR": {
            "rate": 18.7795,
            "indicator": "\u2191"
        },
        "EUR/AUD": {
            "rate": 1.655168863261944,
            "indicator": "\u2191"
        },
        "EUR/JPY": {
            "rate": 161.1207784184514,
            "indicator": "\u2191"
        },
        "GBP/CHF": {
            "rate": 1.1158409785932721,
            "indicator": "\u2193"
        },
        "GBP/CAD": {
            "rate": 1.753639143730887,
            "indicator": "\u2193"
        },
        "GBP/AUD": {
            "rate": 1.966360856269113,
            "indicator": "\u2191"
        },
        "AUD/JPY": {
            "rate": 97.34401244167964,
            "indicator": "\u2193"
        },
        "AUD/CAD": {
            "rate": 0.8918195956454121,
            "indicator": "\u2193"
        },
        "AUD/CHF": {
            "rate": 0.5674650077760498,
            "indicator": "\u2193"
        },
        "NZD/CHF": {
            "rate": 0.5125294976963704,
            "indicator": "\u2193"
        },
        "NZD/CAD": {
            "rate": 0.8054837622204741,
            "indicator": "\u2193"
        },
        "EUR/CAD": {
            "rate": 1.4761120263591434,
            "indicator": "\u2193"
        },
        "GBP/JPY": {
            "rate": 191.41345565749236,
            "indicator": "\u2191"
        },
        "CHF/JPY": {
            "rate": 171.54187678140758,
            "indicator": "\u2191"
        },
        "EUR/NZD": {
            "rate": 1.8325782537067548,
            "indicator": "\u2191"
        },
        "CAD/CHF": {
            "rate": 0.6363002232142857,
            "indicator": "\u2191"
        }
    }
}